Date,Open,High,Low,Close,Adj_Close,Volume,Coin_name
2020-08-21,2.896923,3.090093,2.730919,2.875028,2.875028,49313137,Polkadot
2020-08-22,2.87857,4.510613,2.816762,4.48469,4.48469,485801096,Polkadot
2020-08-23,4.487058,4.487058,3.716271,3.967066,3.967066,320749483,Polkadot
2020-08-24,3.987413,4.783158,3.81267,4.602614,4.602614,407690171,Polkadot
2020-08-25,4.584953,5.760775,4.501223,5.523393,5.523393,898847538,Polkadot
2020-08-26,5.541406,6.554688,5.136205,6.081716,6.081716,1054351759,Polkadot
2020-08-27,6.075772,6.78918,5.313926,5.628337,5.628337,1289248953,Polkadot
2020-08-28,5.639486,6.333746,5.540963,6.159955,6.159955,727162235,Polkadot
2020-08-29,6.175925,6.562906,6.042309,6.159143,6.159143,527290028,Polkadot
2020-08-30,6.15344,6.219506,5.749978,5.869881,5.869881,485335136,Polkadot
2020-08-31,5.905918,6.459377,5.772966,6.30002,6.30002,512604781,Polkadot
2020-09-01,6.29881,6.838898,6.172324,6.288767,6.288767,601527409,Polkadot
2020-09-02,6.282686,6.432652,5.657442,6.139465,6.139465,584155028,Polkadot
2020-09-03,6.131179,6.318079,5.68259,5.747868,5.747868,763663457,Polkadot
2020-09-04,5.72661,5.981395,4.62672,5.146038,5.146038,845787793,Polkadot
2020-09-05,5.136033,5.311784,3.653468,4.122313,4.122313,805800385,Polkadot
2020-09-06,4.137032,4.90165,3.759745,4.799468,4.799468,924160482,Polkadot
2020-09-07,4.796048,4.820003,4.032633,4.594669,4.594669,675375183,Polkadot
2020-09-08,4.588958,4.61644,4.119595,4.274324,4.274324,519440288,Polkadot
2020-09-09,4.282868,4.796723,4.158873,4.708939,4.708939,534097094,Polkadot
2020-09-10,4.709849,4.870141,4.471295,4.581584,4.581584,633577674,Polkadot
2020-09-11,4.579848,4.74811,4.31713,4.645567,4.645567,633472140,Polkadot
2020-09-12,4.650602,5.280156,4.516019,5.137037,5.137037,753745737,Polkadot
2020-09-13,5.145041,5.478801,4.806826,5.297951,5.297951,1099475714,Polkadot
2020-09-14,5.29642,5.602782,5.126425,5.348709,5.348709,1008259712,Polkadot
2020-09-15,5.366626,5.451917,5.095706,5.095706,5.095706,897864384,Polkadot
2020-09-16,5.068963,5.281323,4.986211,5.080322,5.080322,792360521,Polkadot
2020-09-17,5.080322,5.417671,5.061747,5.336301,5.336301,776350363,Polkadot
2020-09-18,5.341709,5.459139,5.108553,5.245764,5.245764,683398180,Polkadot
2020-09-19,5.253237,5.255691,4.824983,4.925411,4.925411,605268040,Polkadot
2020-09-20,4.928915,4.974466,4.424918,4.672449,4.672449,798507891,Polkadot
2020-09-21,4.672449,4.700903,3.950476,4.094597,4.094597,1096736657,Polkadot
2020-09-22,4.085402,4.208596,3.918225,4.174463,4.174463,673117344,Polkadot
2020-09-23,4.168554,4.315891,3.974101,4.031415,4.031415,557062766,Polkadot
2020-09-24,4.021368,4.39995,3.993184,4.381973,4.381973,437573446,Polkadot
2020-09-25,4.376265,4.527898,4.262062,4.420954,4.420954,425191119,Polkadot
2020-09-26,4.422247,4.464017,4.242543,4.347662,4.347662,329745176,Polkadot
2020-09-27,4.340383,4.362192,4.160518,4.310281,4.310281,316361927,Polkadot
2020-09-28,4.302437,4.58298,4.270127,4.397861,4.397861,543507456,Polkadot
2020-09-29,4.421758,4.602887,4.358147,4.500452,4.500452,508965929,Polkadot
2020-09-30,4.502908,4.502908,4.253639,4.349781,4.349781,378446620,Polkadot
2020-10-01,4.350968,4.58343,4.257382,4.343831,4.343831,445143708,Polkadot
2020-10-02,4.344504,4.358545,3.933162,4.123179,4.123179,554916297,Polkadot
2020-10-03,4.127322,4.131513,4.038119,4.070046,4.070046,361964763,Polkadot
2020-10-04,4.067633,4.195494,4.021517,4.173911,4.173911,286356969,Polkadot
2020-10-05,4.181273,4.233528,4.120232,4.1727,4.1727,332264664,Polkadot
2020-10-06,4.169271,4.182002,3.645681,3.756162,3.756162,662270711,Polkadot
2020-10-07,3.753456,3.877703,3.620271,3.858798,3.858798,629063456,Polkadot
2020-10-08,3.857625,4.16001,3.664641,4.102642,4.102642,614223111,Polkadot
2020-10-09,4.111853,4.351942,4.020023,4.262468,4.262468,491506582,Polkadot
2020-10-10,4.260407,4.475801,4.239729,4.252955,4.252955,492038159,Polkadot
2020-10-11,4.258699,4.33437,4.178621,4.262162,4.262162,388098955,Polkadot
2020-10-12,4.255739,4.437003,4.207903,4.319948,4.319948,489608532,Polkadot
2020-10-13,4.316079,4.344514,4.157707,4.2494,4.2494,420659947,Polkadot
2020-10-14,4.255531,4.358098,4.093734,4.199114,4.199114,520198619,Polkadot
2020-10-15,4.192293,4.192293,4.033811,4.096811,4.096811,450623089,Polkadot
2020-10-16,4.100024,4.157108,3.839912,3.909529,3.909529,443295515,Polkadot
2020-10-17,3.917128,3.977368,3.87161,3.967252,3.967252,206453738,Polkadot
2020-10-18,3.96836,4.121718,3.960012,4.104651,4.104651,204108300,Polkadot
2020-10-19,4.110965,4.111244,3.964166,3.990592,3.990592,249983725,Polkadot
2020-10-20,3.98969,4.138195,3.875639,3.910343,3.910343,502694693,Polkadot
2020-10-21,3.906004,4.245581,3.905341,4.14112,4.14112,458018407,Polkadot
2020-10-22,4.140915,4.331875,4.13165,4.26895,4.26895,367309225,Polkadot
2020-10-23,4.273909,4.474157,4.202276,4.26685,4.26685,461816708,Polkadot
2020-10-24,4.266853,4.430925,4.244643,4.355344,4.355344,310306552,Polkadot
2020-10-25,4.355344,4.44724,4.267938,4.335231,4.335231,339106539,Polkadot
2020-10-26,4.335231,4.738708,4.304171,4.727016,4.727016,722990810,Polkadot
2020-10-27,4.727016,4.92778,4.660536,4.683952,4.683952,820401909,Polkadot
2020-10-28,4.683954,4.774252,4.262276,4.365097,4.365097,649971738,Polkadot
2020-10-29,4.365098,4.403781,3.879251,4.053345,4.053345,686597329,Polkadot
2020-10-30,4.053278,4.156761,3.937187,4.088113,4.088113,586577443,Polkadot
2020-10-31,4.088186,4.274231,4.072736,4.181768,4.181768,318678917,Polkadot
2020-11-01,4.181673,4.225615,4.122063,4.225615,4.225615,302861124,Polkadot
2020-11-02,4.225769,4.261608,3.985631,4.030232,4.030232,503474044,Polkadot
2020-11-03,4.030229,4.065161,3.88637,4.025468,4.025468,413471121,Polkadot
2020-11-04,4.025473,4.147281,3.89419,4.098083,4.098083,836536272,Polkadot
2020-11-05,4.098084,4.297354,4.025676,4.235195,4.235195,375265287,Polkadot
2020-11-06,4.235197,4.633965,4.206799,4.579652,4.579652,463200956,Polkadot
2020-11-07,4.579652,4.838398,4.106514,4.24196,4.24196,724809168,Polkadot
2020-11-08,4.24196,4.426574,4.142644,4.372093,4.372093,393903990,Polkadot
2020-11-09,4.372093,4.457684,4.250327,4.346767,4.346767,396903280,Polkadot
2020-11-10,4.346766,4.498284,4.308892,4.415016,4.415016,379322634,Polkadot
2020-11-11,4.415018,4.620404,4.415018,4.457202,4.457202,404513890,Polkadot
2020-11-12,4.457201,4.471586,4.320397,4.39924,4.39924,367161907,Polkadot
2020-11-13,4.399241,4.585021,4.374127,4.54012,4.54012,342519103,Polkadot
2020-11-14,4.54012,4.550857,4.370527,4.465622,4.465622,331350627,Polkadot
2020-11-15,4.465622,4.491476,4.309564,4.379988,4.379988,325439058,Polkadot
2020-11-16,4.379988,4.589542,4.345864,4.4855,4.4855,445672648,Polkadot
2020-11-17,4.608518,4.910907,4.566731,4.844666,4.844666,675069949,Polkadot
2020-11-18,4.844668,4.92771,4.526838,4.679663,4.679663,671452168,Polkadot
2020-11-19,4.679658,4.848308,4.547364,4.756766,4.756766,551607999,Polkadot
2020-11-20,4.756759,5.459796,4.752435,5.233436,5.233436,1027776286,Polkadot
2020-11-21,5.233436,5.806043,5.141745,5.751921,5.751921,1022750932,Polkadot
2020-11-22,5.751921,5.834375,5.223394,5.481853,5.481853,1048639986,Polkadot
2020-11-23,5.481854,5.939078,5.422479,5.906932,5.906932,997956277,Polkadot
2020-11-24,5.907906,6.075694,5.624484,5.729446,5.729446,1113438978,Polkadot
2020-11-25,5.729335,5.81635,5.183073,5.30986,5.30986,1011116414,Polkadot
2020-11-26,5.308625,5.365759,4.459481,4.804577,4.804577,1433368625,Polkadot
2020-11-27,4.8059,5.068017,4.522344,4.78279,4.78279,864684858,Polkadot
2020-11-28,4.783548,4.944546,4.679183,4.900476,4.900476,415083876,Polkadot
2020-11-29,4.901079,5.200435,4.814233,5.190352,5.190352,451787954,Polkadot
2020-11-30,5.190307,5.437084,5.146362,5.37643,5.37643,649773393,Polkadot
2020-12-01,5.377254,5.530346,5.018441,5.093567,5.093567,777715514,Polkadot
2020-12-02,5.093467,5.532002,5.030747,5.464157,5.464157,607216780,Polkadot
2020-12-03,5.464744,5.564024,5.338207,5.410369,5.410369,354593131,Polkadot
2020-12-04,5.410147,5.434474,4.971953,5.032714,5.032714,422944392,Polkadot
2020-12-05,5.029704,5.190219,4.89216,5.188903,5.188903,408952852,Polkadot
2020-12-06,5.187959,5.201379,5.009244,5.135868,5.135868,299285627,Polkadot
2020-12-07,5.134986,5.154355,5.018779,5.06032,5.06032,242900962,Polkadot
2020-12-08,5.060634,5.067212,4.71274,4.733347,4.733347,398505417,Polkadot
2020-12-09,4.733149,4.936303,4.628309,4.861897,4.861897,477599466,Polkadot
2020-12-10,4.8637,4.912512,4.749417,4.797596,4.797596,299121449,Polkadot
2020-12-11,4.79806,4.804924,4.546074,4.621052,4.621052,366039075,Polkadot
2020-12-12,4.619786,4.797783,4.615325,4.740454,4.740454,282782417,Polkadot
2020-12-13,4.740725,4.995,4.735164,4.891212,4.891212,280953204,Polkadot
2020-12-14,4.891505,5.002225,4.835016,4.898082,4.898082,204385757,Polkadot
2020-12-15,4.897907,5.282553,4.854383,5.249607,5.249607,354033042,Polkadot
2020-12-16,5.248825,5.36189,5.124767,5.359314,5.359314,508481878,Polkadot
2020-12-17,5.359304,5.726208,5.292484,5.343968,5.343968,863948412,Polkadot
2020-12-18,5.344195,5.503851,5.258786,5.367641,5.367641,607402856,Polkadot
2020-12-19,5.36706,5.567254,5.287727,5.338945,5.338945,517648631,Polkadot
2020-12-20,5.338882,5.42929,5.090574,5.188476,5.188476,519415555,Polkadot
2020-12-21,5.188238,5.412279,4.806443,4.890546,4.890546,665375358,Polkadot
2020-12-22,4.888161,5.17324,4.814807,5.15483,5.15483,697260532,Polkadot
2020-12-23,5.154474,5.18419,4.619133,4.710613,4.710613,665441295,Polkadot
2020-12-24,4.711977,5.196156,4.655312,5.128821,5.128821,646511051,Polkadot
2020-12-25,5.127846,5.272006,5.043451,5.21421,5.21421,512565394,Polkadot
2020-12-26,5.214895,5.273874,5.093932,5.182181,5.182181,484934518,Polkadot
2020-12-27,5.181959,5.394439,4.952185,5.136191,5.136191,784179881,Polkadot
2020-12-28,5.136391,6.644754,5.122084,6.588822,6.588822,1746628677,Polkadot
2020-12-29,6.582754,7.607136,6.198066,7.519257,7.519257,2717983832,Polkadot
2020-12-30,7.51916,7.651448,7.088113,7.2543,7.2543,2059017629,Polkadot
2020-12-31,7.250568,9.43013,7.16996,9.292508,9.292508,2751292067,Polkadot
2021-01-01,9.28818,9.416587,8.120194,8.306819,8.306819,2791211123,Polkadot
2021-01-02,8.305492,9.761335,7.94329,9.208837,9.208837,3049232407,Polkadot
2021-01-03,9.209648,10.457493,8.873362,10.033283,10.033283,3032883074,Polkadot
2021-01-04,10.062048,10.505565,8.77721,9.469611,9.469611,2893262630,Polkadot
2021-01-05,9.475802,10.041344,9.084263,9.701656,9.701656,2080742171,Polkadot
2021-01-06,9.707113,10.371598,9.489743,10.096068,10.096068,2382484175,Polkadot
2021-01-07,10.094014,10.629005,9.496402,9.644585,9.644585,2521342761,Polkadot
2021-01-08,9.645126,9.795449,8.861684,9.307135,9.307135,2350202788,Polkadot
2021-01-09,9.305773,9.823151,9.053466,9.777765,9.777765,1478813230,Polkadot
2021-01-10,9.777318,9.994553,8.752951,9.305048,9.305048,1603968712,Polkadot
2021-01-11,9.304654,9.304654,7.22859,8.27644,8.27644,3251043299,Polkadot
2021-01-12,8.272259,8.616104,7.973653,8.264148,8.264148,1918790089,Polkadot
2021-01-13,8.265112,11.299746,7.989519,10.95771,10.95771,2915711373,Polkadot
2021-01-14,10.947876,14.549703,10.925012,14.53905,14.53905,5405054869,Polkadot
2021-01-15,14.52252,14.855377,11.851579,13.212381,13.212381,6159630996,Polkadot
2021-01-16,13.19805,19.322062,13.185754,18.180424,18.180424,8917081506,Polkadot
2021-01-17,18.150343,18.150343,16.40896,16.984255,16.984255,6091648732,Polkadot
2021-01-18,16.997017,18.101706,15.82463,16.512926,16.512926,3888179752,Polkadot
2021-01-19,16.521078,17.467545,16.048328,16.46851,16.46851,3414422602,Polkadot
2021-01-20,16.452497,18.125744,14.833469,17.948931,17.948931,4624508717,Polkadot
2021-01-21,17.979416,18.060772,15.052482,15.944838,15.944838,4843725549,Polkadot
2021-01-22,15.931008,17.983864,14.891926,17.161442,17.161442,2991599976,Polkadot
2021-01-23,17.159592,18.753698,16.870321,18.5982,18.5982,2842317183,Polkadot
2021-01-24,18.600634,18.724527,17.380526,17.999649,17.999649,2800444854,Polkadot
2021-01-25,17.997595,19.051947,17.119707,17.250456,17.250456,3351498659,Polkadot
2021-01-26,17.244648,17.769098,16.075432,17.117762,17.117762,2588253411,Polkadot
2021-01-27,17.116114,17.116114,15.084266,15.504861,15.504861,2973163194,Polkadot
2021-01-28,15.498237,17.463062,15.356571,16.944933,16.944933,2960951225,Polkadot
2021-01-29,17.102669,17.64279,16.032001,16.841612,16.841612,3657663583,Polkadot
2021-01-30,16.836748,17.050156,16.161949,16.506908,16.506908,1998709420,Polkadot
2021-01-31,16.51158,17.4561,15.813972,16.121315,16.121315,2540474629,Polkadot
2021-02-01,16.123022,16.516582,15.743364,16.375776,16.375776,2228986208,Polkadot
2021-02-02,16.381334,17.603918,16.039333,17.263256,17.263256,2658383686,Polkadot
2021-02-03,17.247204,20.733652,16.840366,20.733652,20.733652,4685307862,Polkadot
2021-02-04,20.728294,21.555948,19.043312,19.702183,19.702183,4858842246,Polkadot
2021-02-05,19.688629,21.283489,19.53171,20.902676,20.902676,3387079061,Polkadot
2021-02-06,20.892113,21.298307,19.814205,20.395479,20.395479,2622835076,Polkadot
2021-02-07,20.390621,20.777479,18.623793,19.793615,19.793615,3038407999,Polkadot
2021-02-08,19.78142,23.60817,19.233234,23.031898,23.031898,4736654531,Polkadot
2021-02-09,23.030058,24.054413,22.369637,23.129965,23.129965,3446396914,Polkadot
2021-02-10,23.113016,24.786268,22.136305,23.585051,23.585051,4203061885,Polkadot
2021-02-11,23.590525,25.577707,23.333549,25.230295,25.230295,4060334812,Polkadot
2021-02-12,25.174124,29.66853,24.549881,28.691257,28.691257,4562466560,Polkadot
2021-02-13,28.687117,30.146414,27.473082,28.016726,28.016726,4947621076,Polkadot
2021-02-14,28.013494,29.372906,26.543987,27.095736,27.095736,3550653217,Polkadot
2021-02-15,27.064634,29.448111,23.612612,27.780893,27.780893,5407907535,Polkadot
2021-02-16,27.763529,30.97386,26.960911,30.15991,30.15991,5274752208,Polkadot
2021-02-17,30.164309,32.347946,29.73284,31.986658,31.986658,4292546900,Polkadot
2021-02-18,31.981354,32.5783,30.629948,31.180639,31.180639,1992921511,Polkadot
2021-02-19,31.188147,34.9897,29.627645,34.792217,34.792217,3466759116,Polkadot
2021-02-20,34.797115,42.063049,34.797115,39.242176,39.242176,6056666198,Polkadot
2021-02-21,39.1712,40.474648,38.154545,39.696228,39.696228,3721239427,Polkadot
2021-02-22,39.696251,39.696251,31.362598,37.68948,37.68948,5770512363,Polkadot
2021-02-23,37.664928,37.714169,26.757643,34.300774,34.300774,7502138162,Polkadot
2021-02-24,34.33086,36.752567,31.975445,33.633545,33.633545,4724242062,Polkadot
2021-02-25,33.621174,35.079182,31.059273,31.08066,31.08066,3470266685,Polkadot
2021-02-26,31.14373,33.497753,28.104012,31.34609,31.34609,5147313878,Polkadot
2021-02-27,31.396252,35.524109,31.396252,33.449368,33.449368,4507278636,Polkadot
2021-02-28,33.454475,34.608173,29.963148,33.607258,33.607258,4567616883,Polkadot
2021-03-01,33.643158,35.584927,33.190712,35.584927,35.584927,3311498739,Polkadot
2021-03-02,35.588783,37.756416,34.592426,36.153118,36.153118,3752858101,Polkadot
2021-03-03,36.15831,38.548489,36.157448,37.04332,37.04332,2683665084,Polkadot
2021-03-04,37.038254,38.276112,34.45174,35.330311,35.330311,2868268909,Polkadot
2021-03-05,35.315254,35.315254,31.580065,33.724472,33.724472,3035955286,Polkadot
2021-03-06,33.68504,34.154377,32.182194,33.433693,33.433693,1637892896,Polkadot
2021-03-07,33.433842,35.219852,33.394974,35.18866,35.18866,1607577506,Polkadot
2021-03-08,35.1796,35.49192,33.50983,34.913754,34.913754,1855547495,Polkadot
2021-03-09,34.93092,38.74789,34.602131,38.194191,38.194191,3020766952,Polkadot
2021-03-10,38.179161,39.415619,36.439114,37.566944,37.566944,3143656899,Polkadot
2021-03-11,37.543221,37.971542,35.957386,36.882496,36.882496,2563507906,Polkadot
2021-03-12,36.889606,37.427666,34.685505,35.986954,35.986954,2198904040,Polkadot
2021-03-13,35.988693,38.153183,34.80978,37.15781,37.15781,2115307643,Polkadot
2021-03-14,37.170063,37.871597,36.337421,36.57925,36.57925,1640191647,Polkadot
2021-03-15,36.5611,38.381706,34.133301,34.357517,34.357517,2905566504,Polkadot
2021-03-16,34.34338,35.453289,32.241772,35.430832,35.430832,2518683414,Polkadot
2021-03-17,35.436008,36.358437,34.562584,36.141365,36.141365,2111418087,Polkadot
2021-03-18,36.108521,36.946239,35.455112,35.517223,35.517223,1639504240,Polkadot
2021-03-19,35.498119,38.966839,34.890217,38.27269,38.27269,2491198971,Polkadot
2021-03-20,38.288956,40.131458,37.336246,37.350479,37.350479,2133559565,Polkadot
2021-03-21,37.35635,38.154198,36.19994,36.79361,36.79361,1930244845,Polkadot
2021-03-22,36.79298,37.783882,35.402905,35.537544,35.537544,1929884756,Polkadot
2021-03-23,35.506939,36.402058,34.265068,34.460464,34.460464,1728982595,Polkadot
2021-03-24,34.452271,36.149006,28.338356,30.436436,30.436436,2729222673,Polkadot
2021-03-25,30.363176,31.234999,28.668222,29.982208,29.982208,3433822540,Polkadot
2021-03-26,29.969061,33.438625,29.936052,33.200386,33.200386,1735749439,Polkadot
2021-03-27,33.201748,33.532738,31.230959,32.661049,32.661049,1518535916,Polkadot
2021-03-28,32.642197,33.247307,31.467848,32.297894,32.297894,1138942373,Polkadot
2021-03-29,32.294109,34.688591,31.859144,34.373604,34.373604,1639815517,Polkadot
2021-03-30,34.36459,34.782276,33.612774,34.06686,34.06686,1281200871,Polkadot
2021-03-31,34.07513,38.195705,33.515579,37.027012,37.027012,3527967413,Polkadot
2021-04-01,37.091789,38.99464,36.192875,37.672878,37.672878,2811720574,Polkadot
2021-04-02,37.634003,41.380028,36.893692,41.164284,41.164284,2824216498,Polkadot
2021-04-03,41.181774,46.852703,41.071392,41.64603,41.64603,5242091096,Polkadot
2021-04-04,41.612789,45.217697,41.077255,44.65221,44.65221,3120632809,Polkadot
2021-04-05,44.665859,45.848614,42.254982,45.79723,45.79723,2937995182,Polkadot
2021-04-06,45.809883,46.22871,41.863831,43.430199,43.430199,3105511689,Polkadot
2021-04-07,43.420708,43.476429,38.046631,39.594013,39.594013,3804483298,Polkadot
2021-04-08,39.626659,41.505451,39.353764,41.365952,41.365952,1864637395,Polkadot
2021-04-09,41.352039,42.054798,40.16449,40.849308,40.849308,1318352700,Polkadot
2021-04-10,40.834583,42.748909,39.983257,41.626152,41.626152,1647212348,Polkadot
2021-04-11,41.613277,41.931141,39.987293,41.423397,41.423397,1534168402,Polkadot
2021-04-12,41.417294,41.73119,39.453617,40.497498,40.497498,1787924966,Polkadot
2021-04-13,40.449169,43.321964,39.860168,42.94791,42.94791,2556927711,Polkadot
2021-04-14,42.897575,44.53426,40.112778,42.640842,42.640842,2954854988,Polkadot
2021-04-15,42.572529,44.300522,41.516823,43.515968,43.515968,2266870611,Polkadot
2021-04-16,43.466961,43.798004,40.163822,41.537975,41.537975,2697585009,Polkadot
2021-04-17,41.513165,48.360451,41.498756,42.53595,42.53595,4593280503,Polkadot
2021-04-18,42.562031,43.106678,32.870373,37.347431,37.347431,5942657694,Polkadot
2021-04-19,37.373474,38.69323,34.065147,34.816669,34.816669,2813475560,Polkadot
2021-04-20,34.715572,35.728565,31.642418,35.444435,35.444435,3357861319,Polkadot
2021-04-21,35.461788,36.260265,33.10825,33.871029,33.871029,2811533459,Polkadot
2021-04-22,33.79372,36.713581,32.810593,32.988476,32.988476,3470349242,Polkadot
2021-04-23,32.955112,33.455231,27.130444,32.227985,32.227985,4380184942,Polkadot
2021-04-24,32.255932,32.393082,28.567087,28.932833,28.932833,2000992624,Polkadot
2021-04-25,28.968763,31.261881,28.184216,29.762489,29.762489,1620694353,Polkadot
2021-04-26,29.813658,33.45232,29.784292,33.406628,33.406628,2200104405,Polkadot
2021-04-27,33.418903,34.922016,33.190323,34.703159,34.703159,1844667809,Polkadot
2021-04-28,34.792046,35.346615,32.645016,33.967552,33.967552,1856657053,Polkadot
2021-04-29,33.964973,35.968155,32.991276,35.968155,35.968155,1827249049,Polkadot
2021-04-30,35.977894,36.795033,35.135654,36.540665,36.540665,2210863082,Polkadot
2021-05-01,36.517673,37.361462,35.909569,36.929684,36.929684,1596159168,Polkadot
2021-05-02,36.897781,37.164719,35.603996,36.65453,36.65453,1423486755,Polkadot
2021-05-03,36.639145,38.256828,36.622818,37.255207,37.255207,1857108732,Polkadot
2021-05-04,37.256771,37.9118,34.62867,34.853508,34.853508,2627951840,Polkadot
2021-05-05,34.767815,40.718441,34.535267,40.495045,40.495045,3300471923,Polkadot
2021-05-06,40.442459,43.732998,38.05547,41.533466,41.533466,4088642953,Polkadot
2021-05-07,41.576817,42.582001,38.41996,39.929852,39.929852,3016255239,Polkadot
2021-05-08,39.878448,40.591347,38.77668,39.832691,39.832691,1754219539,Polkadot
2021-05-09,39.889889,40.549805,38.280056,40.312843,40.312843,2294525692,Polkadot
2021-05-10,40.300224,41.787823,32.659714,36.541771,36.541771,3187436826,Polkadot
2021-05-11,36.510044,38.642284,35.585224,38.642284,38.642284,2263017018,Polkadot
2021-05-12,38.651222,42.413006,34.031391,34.031391,34.031391,3698746095,Polkadot
2021-05-13,35.05687,41.787979,33.150982,40.031654,40.031654,7032709584,Polkadot
2021-05-14,39.967552,47.963886,39.457359,47.945938,47.945938,5633438540,Polkadot
2021-05-15,47.959782,49.692959,42.976322,43.538631,43.538631,6487556686,Polkadot
2021-05-16,43.531631,46.640377,39.453522,42.631512,42.631512,4268621267,Polkadot
2021-05-17,42.386211,42.386211,35.430058,38.710159,38.710159,4779518016,Polkadot
2021-05-18,38.631367,42.600018,37.850582,40.645355,40.645355,3914013746,Polkadot
2021-05-19,40.68882,41.340519,18.635315,25.227142,25.227142,10069997172,Polkadot
2021-05-20,25.060495,31.229704,21.279379,29.15057,29.15057,6694931133,Polkadot
2021-05-21,29.015823,30.980139,20.029606,24.46397,24.46397,6442011513,Polkadot
2021-05-22,24.468996,24.601328,20.484144,22.014524,22.014524,4379003452,Polkadot
2021-05-23,22.069677,23.464121,13.822857,18.029442,18.029442,6002858936,Polkadot
2021-05-24,17.922501,23.488632,17.208324,23.199089,23.199089,4412004564,Polkadot
2021-05-25,23.257433,24.2038,19.75786,22.130131,22.130131,3303527397,Polkadot
2021-05-26,22.185699,24.740444,21.673191,24.549688,24.549688,3100578186,Polkadot
2021-05-27,24.546219,24.898315,21.809864,23.852982,23.852982,2755550527,Polkadot
2021-05-28,23.976791,26.115757,20.127405,21.410093,21.410093,4521086730,Polkadot
2021-05-29,21.367643,22.27109,18.807243,19.863375,19.863375,2392272347,Polkadot
2021-05-30,19.86342,21.245222,18.561646,20.473988,20.473988,1947583708,Polkadot
2021-05-31,20.477188,23.430927,19.097073,23.430927,23.430927,2651300356,Polkadot
2021-06-01,23.29697,23.516838,21.745428,22.810846,22.810846,2230220978,Polkadot
2021-06-02,22.847124,26.844893,22.684246,25.957727,25.957727,2962777621,Polkadot
2021-06-03,25.941643,28.614927,25.750546,27.013458,27.013458,2803059246,Polkadot
2021-06-04,26.987314,26.987314,23.707581,25.008299,25.008299,2801117143,Polkadot
2021-06-05,25.021383,26.388992,23.064758,23.816771,23.816771,2102969701,Polkadot
2021-06-06,23.793795,24.45809,23.624956,24.201599,24.201599,1187622849,Polkadot
2021-06-07,24.202633,25.279028,21.432226,21.626959,21.626959,1861117892,Polkadot
2021-06-08,21.703253,22.271933,19.663782,21.74527,21.74527,2653898124,Polkadot
2021-06-09,21.661722,23.283066,20.435955,23.184938,23.184938,2220005781,Polkadot
2021-06-10,23.200251,24.551924,22.10697,22.684816,22.684816,2114395058,Polkadot
2021-06-11,22.683626,23.192602,20.51598,20.985857,20.985857,1517304438,Polkadot
2021-06-12,20.963896,21.257568,19.521172,20.777037,20.777037,1455506948,Polkadot
2021-06-13,20.755634,22.401642,19.99382,22.076334,22.076334,1233102638,Polkadot
2021-06-14,22.044922,26.031012,21.305422,22.205357,22.205357,1232810594,Polkadot
2021-06-15,25.186892,25.985241,23.6481,24.760836,24.760836,3151346883,Polkadot
2021-06-16,23.969503,24.540514,22.575315,22.972176,22.972176,1694813679,Polkadot
2021-06-17,23.01753,23.996916,22.015537,22.511454,22.511454,1236017502,Polkadot
2021-06-18,22.54719,22.565636,20.273529,21.398895,21.398895,1406342364,Polkadot
2021-06-19,21.450775,21.654121,20.313393,20.355942,20.355942,997553727,Polkadot
2021-06-20,20.263674,21.017651,18.952503,20.672363,20.672363,1309501356,Polkadot
2021-06-21,20.638241,20.776974,15.381439,15.769904,15.769904,2426849565,Polkadot
2021-06-22,15.723164,16.935104,13.056847,14.652412,14.652412,3026165113,Polkadot
2021-06-23,14.659879,16.801208,14.008465,16.14249,16.14249,2060945482,Polkadot
2021-06-24,15.810255,16.594536,14.753929,16.253658,16.253658,1163182954,Polkadot
2021-06-25,16.232014,16.721203,14.467696,14.467696,14.467696,1273917013,Polkadot
2021-06-26,14.441859,14.991236,13.645801,14.499612,14.499612,1135392300,Polkadot
2021-06-27,14.519034,15.040333,14.064211,15.015594,15.015594,982313261,Polkadot
2021-06-28,15.035586,16.03286,14.682418,15.740378,15.740378,1109200887,Polkadot
2021-06-29,15.776033,17.03167,15.738138,16.25337,16.25337,1342798978,Polkadot
2021-06-30,16.307409,16.622644,15.105,16.402195,16.402195,1208316036,Polkadot
2021-07-01,16.414341,16.414341,14.895052,15.278964,15.278964,883647161,Polkadot
2021-07-02,15.219061,15.469187,14.675115,15.340774,15.340774,753194773,Polkadot
2021-07-03,15.321934,15.776978,15.068263,15.553716,15.553716,711235057,Polkadot
2021-07-04,15.553584,16.579445,15.221813,16.014027,16.014027,752075893,Polkadot
2021-07-05,15.99654,15.99654,14.78874,15.235582,15.235582,844844586,Polkadot
2021-07-06,15.240785,16.162344,15.21081,16.143564,16.143564,1001573398,Polkadot
2021-07-07,16.136374,17.674274,16.101461,16.85779,16.85779,1424247756,Polkadot
2021-07-08,16.877674,16.879568,15.005345,15.337748,15.337748,1116757295,Polkadot
2021-07-09,15.310519,15.901407,14.853454,15.669269,15.669269,822381786,Polkadot
2021-07-10,15.681146,15.98207,15.080467,15.290839,15.290839,664082424,Polkadot
2021-07-11,15.284208,15.714939,15.164154,15.482435,15.482435,543030842,Polkadot
2021-07-12,15.491078,15.649907,14.437862,14.873133,14.873133,668145499,Polkadot
2021-07-13,14.860332,15.094985,14.029666,14.18965,14.18965,607013676,Polkadot
2021-07-14,14.19537,14.205731,13.198355,13.79957,13.79957,859077648,Polkadot
2021-07-15,13.809198,14.103684,12.76153,13.084849,13.084849,766661233,Polkadot
2021-07-16,13.07495,13.3116,12.015724,12.053826,12.053826,810693173,Polkadot
2021-07-17,12.027476,12.735907,11.748999,12.292176,12.292176,851659386,Polkadot
2021-07-18,12.298962,12.934033,12.274255,12.682146,12.682146,675122783,Polkadot
2021-07-19,12.658315,12.743031,11.363264,11.425251,11.425251,870751781,Polkadot
2021-07-20,11.458398,11.546499,10.421495,10.981212,10.981212,940409268,Polkadot
2021-07-21,10.963041,12.847417,10.688973,12.305879,12.305879,1230601624,Polkadot
2021-07-22,12.32552,13.340933,11.861371,13.161491,13.161491,1044329360,Polkadot
2021-07-23,13.167067,13.494526,12.360314,13.397968,13.397968,955080499,Polkadot
2021-07-24,13.391894,14.039612,13.138667,13.805341,13.805341,886579432,Polkadot
2021-07-25,13.777481,13.833035,13.095837,13.7126,13.7126,777347324,Polkadot
2021-07-26,13.739114,15.288157,13.662253,13.951712,13.951712,1793449168,Polkadot
2021-07-27,13.933467,14.532207,13.398345,14.376072,14.376072,1125369355,Polkadot
2021-07-28,14.401078,14.741688,13.972804,14.538835,14.538835,1108934437,Polkadot
2021-07-29,14.530527,15.378659,14.295146,15.236948,15.236948,1062263753,Polkadot
2021-07-30,15.257332,15.838523,14.438772,15.838523,15.838523,1137541991,Polkadot
2021-07-31,15.795484,17.00242,15.609441,16.847204,16.847204,1264877872,Polkadot
2021-08-01,16.783762,19.867767,16.598808,18.413965,18.413965,2765314958,Polkadot
2021-08-02,18.431353,18.831837,17.609724,18.017284,18.017284,1663229216,Polkadot
2021-08-03,18.008831,18.513397,16.866259,17.336826,17.336826,1323763207,Polkadot
2021-08-04,17.418772,19.523396,17.130821,19.163094,19.163094,1596864082,Polkadot
2021-08-05,19.157345,19.451784,17.908806,19.132372,19.132372,1640748887,Polkadot
2021-08-06,19.126932,20.759222,18.550566,20.400679,20.400679,1714827721,Polkadot
2021-08-07,20.421259,21.682161,20.089033,20.967094,20.967094,1715197695,Polkadot
2021-08-08,20.967562,21.171062,19.247997,19.676132,19.676132,1319824174,Polkadot
2021-08-09,19.661148,21.248898,18.735897,20.620972,20.620972,1388957425,Polkadot
2021-08-10,20.581572,21.388754,20.124872,20.608009,20.608009,1436590205,Polkadot
2021-08-11,20.619293,22.396412,20.552658,21.402422,21.402422,1858448703,Polkadot
2021-08-12,21.378454,22.27887,19.957048,20.754807,20.754807,1646177585,Polkadot
2021-08-13,20.790308,22.714149,20.552851,22.714149,22.714149,1463855800,Polkadot
2021-08-14,22.72538,23.477127,21.871506,22.861027,22.861027,1618443546,Polkadot
2021-08-15,22.858994,23.337629,21.872826,23.174017,23.174017,1302613173,Polkadot
2021-08-16,23.1696,25.648554,22.900766,24.535856,24.535856,2668518584,Polkadot
2021-08-17,24.432089,27.387135,23.086954,23.53364,23.53364,3257290651,Polkadot
2021-08-18,23.518677,25.132393,22.729355,23.948135,23.948135,2397153468,Polkadot
2021-08-19,23.887037,26.806604,23.480202,26.548628,26.548628,2276827143,Polkadot
2021-08-20,26.551378,28.436684,26.123295,28.146954,28.146954,2387493287,Polkadot
2021-08-21,28.165449,29.349266,27.540232,27.873337,27.873337,2047070057,Polkadot
2021-08-22,27.886717,28.523918,26.605053,27.736874,27.736874,1752533688,Polkadot
2021-08-23,27.694242,28.639219,27.37612,27.89131,27.89131,1729002173,Polkadot
2021-08-24,27.927942,28.166487,24.428972,25.081446,25.081446,2018934382,Polkadot
2021-08-25,25.100426,26.528032,24.611122,25.935373,25.935373,1846569890,Polkadot
2021-08-26,25.99819,26.382315,23.559156,23.981495,23.981495,1685733118,Polkadot
2021-08-27,23.962322,26.735603,23.462704,26.569754,26.569754,1736385099,Polkadot
2021-08-28,26.568514,26.752275,25.495516,25.966742,25.966742,1084058904,Polkadot
2021-08-29,25.967539,26.46841,25.315912,25.732918,25.732918,1004630100,Polkadot
2021-08-30,25.733837,27.564707,24.417465,26.04472,26.04472,1847373258,Polkadot
2021-08-31,26.046707,31.908222,25.681646,31.47002,31.47002,5433775562,Polkadot
2021-09-01,31.454428,33.782982,29.683525,33.139481,33.139481,3610653475,Polkadot
2021-09-02,33.187469,33.187469,31.360918,31.814713,31.814713,2159617235,Polkadot
2021-09-03,31.800776,34.006435,31.057369,33.674274,33.674274,2402724194,Polkadot
2021-09-04,33.575996,34.062569,32.11129,32.417515,32.417515,1508568851,Polkadot
2021-09-05,32.383621,34.744087,32.037807,34.408791,34.408791,1731805767,Polkadot
2021-09-06,34.426655,35.014164,32.642757,34.311203,34.311203,2185610406,Polkadot
2021-09-07,34.333874,35.67062,22.7623,27.825745,27.825745,5554694141,Polkadot
2021-09-08,27.877996,28.866243,25.356224,27.708794,27.708794,3210808968,Polkadot
2021-09-09,27.206137,31.800285,27.075872,29.835569,29.835569,3007862034,Polkadot
2021-09-10,29.817101,32.568165,28.10994,29.215357,29.215357,3735477033,Polkadot
2021-09-11,29.178246,32.052071,28.332056,31.594603,31.594603,2273035757,Polkadot
2021-09-12,31.631861,36.302341,30.69619,35.774338,35.774338,4160379169,Polkadot
2021-09-13,35.874531,37.931332,31.647409,34.76799,34.76799,7156687508,Polkadot
2021-09-14,34.872154,38.683414,34.139061,37.375801,37.375801,3761631381,Polkadot
2021-09-15,37.382095,38.003117,35.617805,36.463394,36.463394,2154595131,Polkadot
2021-09-16,36.486725,36.963493,34.095646,35.54755,35.54755,2430072000,Polkadot
2021-09-17,35.531845,36.89497,32.239902,33.021385,33.021385,2365641231,Polkadot
2021-09-18,33.013012,35.834457,32.533813,34.898865,34.898865,1805117461,Polkadot
2021-09-19,34.85025,34.884766,33.098015,33.801334,33.801334,1453929289,Polkadot
2021-09-20,33.843315,33.890808,27.029417,28.05183,28.05183,3954630278,Polkadot
2021-09-21,28.30357,30.261415,25.561138,26.316502,26.316502,3325097631,Polkadot
2021-09-22,26.344912,31.992186,25.979168,31.611773,31.611773,2905928191,Polkadot
2021-09-23,31.601166,33.591957,30.443762,33.544739,33.544739,2239422860,Polkadot
2021-09-24,33.456425,33.551445,28.149689,30.842344,30.842344,3844864517,Polkadot
2021-09-25,30.842184,32.229725,29.487118,29.843185,29.843185,2036495249,Polkadot
2021-09-26,29.881676,30.025686,26.83893,28.828663,28.828663,2609528913,Polkadot
2021-09-27,28.906639,30.219685,27.636187,27.772104,27.772104,1672382041,Polkadot
2021-09-28,27.752607,28.338757,26.177124,26.333828,26.333828,1505382459,Polkadot
2021-09-29,26.361603,28.587091,26.128227,27.274256,27.274256,1537170123,Polkadot
2021-09-30,27.302153,28.972292,27.158257,28.58062,28.58062,1239805621,Polkadot
2021-10-01,28.618809,32.307915,28.526262,31.968777,31.968777,1998408915,Polkadot
2021-10-02,31.941595,33.380241,31.573839,32.122108,32.122108,1447666890,Polkadot
2021-10-03,32.039993,32.682095,31.336826,32.105255,32.105255,1294791998,Polkadot
2021-10-04,32.11335,32.11335,30.093058,31.042126,31.042126,1294606337,Polkadot
2021-10-05,31.119637,32.127663,30.639462,31.427458,31.427458,1258661015,Polkadot
2021-10-06,31.397581,33.021286,29.186972,32.289612,32.289612,1979276161,Polkadot
2021-10-07,32.22818,35.308163,31.023617,33.974548,33.974548,2724383950,Polkadot
2021-10-08,33.965694,34.482086,33.166405,33.372894,33.372894,1540992724,Polkadot
2021-10-09,33.307346,36.89616,33.028484,36.327404,36.327404,1925845633,Polkadot
2021-10-10,36.314213,37.416965,34.247864,34.466419,34.466419,1892396216,Polkadot
2021-10-11,34.479015,36.075645,33.299267,34.184631,34.184631,1633598821,Polkadot
2021-10-12,34.148518,35.414696,32.118618,35.159767,35.159767,1907396456,Polkadot
2021-10-13,35.173168,43.098511,33.795952,41.616932,41.616932,4978924113,Polkadot
2021-10-14,41.674599,42.427547,39.489075,40.7551,40.7551,3094236878,Polkadot
2021-10-15,40.745117,44.068069,39.517784,43.157112,43.157112,3509884039,Polkadot
2021-10-16,43.25581,44.682911,41.32444,41.757626,41.757626,2149299435,Polkadot
2021-10-17,41.736191,42.856602,39.844257,42.073952,42.073952,1794118104,Polkadot
2021-10-18,42.103531,43.219341,40.289684,41.18367,41.18367,1770037056,Polkadot
2021-10-19,41.18298,41.571247,40.111004,41.384014,41.384014,1476241195,Polkadot
2021-10-20,41.355507,45.191448,41.104046,44.348656,44.348656,2160124585,Polkadot
2021-10-21,44.404133,45.501125,42.007854,42.846519,42.846519,2416148968,Polkadot
2021-10-22,42.845661,46.306541,42.743496,43.449368,43.449368,2535826499,Polkadot
2021-10-23,43.478775,44.756664,43.10358,44.049973,44.049973,1228699647,Polkadot
2021-10-24,44.028957,44.200764,41.352333,42.385658,42.385658,1286707564,Polkadot
2021-10-25,42.334133,44.776077,42.149715,44.526623,44.526623,1360980395,Polkadot
2021-10-26,44.513477,46.0182,43.449905,44.883873,44.883873,1763935730,Polkadot
2021-10-27,44.950848,45.773479,39.872562,40.410454,40.410454,2833846259,Polkadot
2021-10-28,40.379799,43.114502,39.98307,41.861691,41.861691,1946242940,Polkadot
2021-10-29,41.87302,44.319656,41.674927,44.073624,44.073624,1613356430,Polkadot
2021-10-30,44.083836,44.28014,42.259529,42.747833,42.747833,1002560667,Polkadot
2021-10-31,42.751907,43.362423,41.127758,42.742096,42.742096,1250223353,Polkadot
2021-11-01,42.739792,51.468781,41.810192,49.982254,49.982254,4338984539,Polkadot
2021-11-02,50.065342,53.246037,48.058029,51.631351,51.631351,3755226109,Polkadot
2021-11-03,51.631992,54.552494,49.217911,53.443703,53.443703,3292529595,Polkadot
2021-11-04,53.335697,55.004974,52.254654,53.881733,53.881733,2735203164,Polkadot
2021-11-05,53.87775,53.945984,50.660576,51.894672,51.894672,1836789840,Polkadot
2021-11-06,51.86599,52.437401,49.087318,52.009216,52.009216,1731999303,Polkadot
2021-11-07,52.075733,53.550312,51.415234,52.277981,52.277981,1469149811,Polkadot
2021-11-08,52.27919,53.858791,51.780319,53.348457,53.348457,1731022445,Polkadot
2021-11-09,53.375797,53.418671,50.606041,50.779362,50.779362,1889383248,Polkadot
2021-11-10,50.763157,52.040482,42.757931,46.87133,46.87133,3209700777,Polkadot
2021-11-11,46.859516,49.462654,45.6488,47.647625,47.647625,1903460945,Polkadot
2021-11-12,47.569553,47.760288,44.070511,45.880806,45.880806,2018292419,Polkadot
2021-11-13,45.905609,47.517548,44.928326,47.129055,47.129055,1193417084,Polkadot
2021-11-14,47.135155,47.804756,45.066185,46.401821,46.401821,943480234,Polkadot
2021-11-15,46.400879,47.423412,44.643318,44.688717,44.688717,1217037806,Polkadot
2021-11-16,44.84198,44.84198,38.725277,40.899315,40.899315,2989773813,Polkadot
2021-11-17,40.873985,42.708294,39.033897,42.708294,42.708294,1952021421,Polkadot
2021-11-18,42.734184,43.293175,37.696529,39.045967,39.045967,2184185009,Polkadot
2021-11-19,39.0042,42.303261,38.45974,41.261021,41.261021,1585574130,Polkadot
2021-11-20,41.25737,42.084187,39.970539,42.060429,42.060429,1072593579,Polkadot
2021-11-21,42.114777,43.59584,40.712013,42.005707,42.005707,1200251789,Polkadot
2021-11-22,42.010632,42.144905,38.84864,39.447872,39.447872,1419043417,Polkadot
2021-11-23,39.503712,41.451218,38.6292,40.791042,40.791042,1191444255,Polkadot
2021-11-24,40.787518,40.958405,38.119476,39.369419,39.369419,1151780975,Polkadot
2021-11-25,38.307789,40.956371,38.081081,38.455948,38.455948,1204042086,Polkadot
2021-11-26,39.46748,39.649117,33.987236,34.385906,34.385906,2209378812,Polkadot
2021-11-27,34.545086,35.934952,34.494488,35.186699,35.186699,1023830346,Polkadot
2021-11-28,35.226543,35.83902,32.433071,35.765121,35.765121,1521352541,Polkadot
2021-11-29,35.798294,37.557888,35.477234,37.162655,37.162655,1277403223,Polkadot
2021-11-30,37.134041,39.33654,35.555492,37.960495,37.960495,1552695148,Polkadot
2021-12-01,37.925957,38.800667,36.319107,36.773266,36.773266,1247647115,Polkadot
2021-12-02,36.782539,36.792862,35.150654,35.757893,35.757893,1000369702,Polkadot
2021-12-03,35.770115,36.797554,32.791805,33.63953,33.63953,1330467954,Polkadot
2021-12-04,33.762455,33.865837,24.720991,29.368837,29.368837,2854207528,Polkadot
2021-12-05,29.379711,29.779005,26.490667,28.310139,28.310139,1471059303,Polkadot
2021-12-06,28.342398,28.889868,24.90708,28.249523,28.249523,1994330966,Polkadot
2021-12-07,28.232168,31.443295,27.790524,30.543865,30.543865,1776628055,Polkadot
2021-12-08,30.543373,30.622547,28.102446,29.870499,29.870499,1356418902,Polkadot
2021-12-09,29.780275,30.110678,26.860996,26.951921,26.951921,1193183661,Polkadot
2021-12-10,26.961819,28.399462,25.846045,26.453915,26.453915,1357627514,Polkadot
2021-12-11,26.47014,28.145266,25.917294,27.774729,27.774729,1175903576,Polkadot
2021-12-12,27.760691,30.02223,27.356134,29.60898,29.60898,897053031,Polkadot
2021-12-13,29.61389,29.812469,25.60862,25.971106,25.971106,1292550086,Polkadot
2021-12-14,25.952719,26.69298,25.091862,26.168419,26.168419,1206987079,Polkadot
2021-12-15,26.174873,27.989716,24.371534,27.14576,27.14576,1580299615,Polkadot
2021-12-16,27.154755,27.795271,25.771624,26.043077,26.043077,1485488983,Polkadot
2021-12-17,26.028437,26.208549,24.287596,24.663027,24.663027,1134265516,Polkadot
2021-12-18,24.676817,25.724895,24.256323,25.490757,25.490757,878905203,Polkadot
2021-12-19,25.488007,25.856468,24.695019,24.791401,24.791401,744698642,Polkadot
2021-12-20,24.784105,25.018566,23.31316,24.050674,24.050674,924598147,Polkadot
2021-12-21,24.042261,25.584335,23.765162,25.194195,25.194195,893276894,Polkadot
2021-12-22,25.187767,28.212662,25.019508,27.216074,27.216074,1332894453,Polkadot
2021-12-23,27.233431,29.637953,26.793833,29.111094,29.111094,1466897164,Polkadot
2021-12-24,29.153118,29.667553,27.881594,28.139498,28.139498,1068526285,Polkadot
2021-12-25,28.158287,29.144415,28.009048,28.837757,28.837757,721290103,Polkadot
2021-12-26,28.83884,31.739517,28.32209,31.332836,31.332836,1627652480,Polkadot
2021-12-27,31.319946,32.768093,30.835819,30.908672,30.908672,1724296390,Polkadot
2021-12-28,30.962435,30.962435,27.585024,27.907103,27.907103,2373946823,Polkadot
2021-12-29,27.865063,28.921068,26.560366,26.744373,26.744373,1772776120,Polkadot
2021-12-30,26.827425,28.370249,26.218414,27.567789,27.567789,1238329221,Polkadot
2021-12-31,27.56929,28.060705,26.356335,26.719675,26.719675,1169307108,Polkadot
2022-01-01,26.721346,28.583582,26.705992,28.583582,28.583582,769282646,Polkadot
2022-01-02,28.582886,30.555826,27.922352,29.731167,29.731167,1217867246,Polkadot
2022-01-03,29.724901,30.825724,28.751802,30.105101,30.105101,1652854634,Polkadot
2022-01-04,30.109388,30.533686,28.777731,28.777731,28.777731,1433783811,Polkadot
2022-01-05,28.790211,30.316029,25.521626,26.796141,26.796141,1721841153,Polkadot
2022-01-06,26.797825,27.324682,25.648989,26.760822,26.760822,1444988536,Polkadot
2022-01-07,26.750895,26.806652,24.458998,24.92524,24.92524,2764194355,Polkadot
2022-01-08,24.925631,25.490292,23.342363,24.029129,24.029129,1546276235,Polkadot
2022-01-09,24.028667,25.285593,23.8398,24.627319,24.627319,1328484247,Polkadot
2022-01-10,24.62653,25.178137,22.604368,23.78006,23.78006,1693703473,Polkadot
2022-01-11,23.77891,25.959665,23.578653,25.54393,25.54393,1556234288,Polkadot
2022-01-12,25.548052,27.558558,25.511274,27.319494,27.319494,1416836455,Polkadot
2022-01-13,27.317213,27.588245,25.82889,25.82889,25.82889,1392401458,Polkadot
2022-01-14,25.831518,27.834513,25.696104,27.712864,27.712864,1801182212,Polkadot
2022-01-15,27.71645,28.38435,26.942692,27.736834,27.736834,1158992450,Polkadot
2022-01-16,27.72418,28.415182,27.382957,27.665129,27.665129,1280576659,Polkadot
2022-01-17,27.671783,27.720455,25.239698,25.727352,25.727352,1453899013,Polkadot
2022-01-18,25.731302,25.988699,24.384954,25.168928,25.168928,1349151568,Polkadot
2022-01-19,25.170046,25.285927,23.810032,24.129553,24.129553,1171940720,Polkadot
2022-01-20,24.130487,25.564138,22.983807,22.984886,22.984886,897265226,Polkadot
2022-01-21,22.999681,23.430182,19.305567,19.646294,19.646294,2158447179,Polkadot
2022-01-22,19.657223,20.074379,16.529568,18.229856,18.229856,2593516897,Polkadot
2022-01-23,18.23942,19.139383,17.826681,18.828775,18.828775,1570770653,Polkadot
2022-01-24,18.827082,18.827082,15.976185,18.036749,18.036749,2261885506,Polkadot
2022-01-25,18.036751,19.012129,17.440678,18.348646,18.348646,1511107520,Polkadot
2022-01-26,18.341249,19.937613,17.64109,18.076839,18.076839,1763129260,Polkadot
2022-01-27,18.072672,18.302971,17.274731,18.134811,18.134811,1134516099,Polkadot
2022-01-28,18.122742,18.466373,17.439566,18.339581,18.339581,994677640,Polkadot
2022-01-29,18.338991,18.976257,18.127714,18.710241,18.710241,766547375,Polkadot
2022-01-30,18.715378,18.96744,17.868931,18.172527,18.172527,757967482,Polkadot
2022-01-31,18.171585,19.554422,17.199829,19.420546,19.420546,1115684278,Polkadot
2022-02-01,19.415051,19.951502,19.20253,19.614204,19.614204,1068758718,Polkadot
2022-02-02,19.615648,20.53236,18.721237,18.796898,18.796898,1153269231,Polkadot
2022-02-03,18.789368,18.838409,18.09934,18.812508,18.812508,906875219,Polkadot
2022-02-04,18.807337,20.463795,18.749556,20.424664,20.424664,1110480504,Polkadot
2022-02-05,20.437189,22.252073,20.352913,21.366989,21.366989,1265231134,Polkadot
2022-02-06,21.367344,21.903336,20.92281,21.903336,21.903336,830919540,Polkadot
2022-02-07,21.904425,22.646065,21.4485,22.36451,22.36451,1356167813,Polkadot
2022-02-08,22.371853,23.134687,21.114368,21.689148,21.689148,1444549625,Polkadot
2022-02-09,21.677759,22.208735,21.14234,21.930412,21.930412,952902519,Polkadot
2022-02-10,21.932529,22.429516,20.595379,20.635054,20.635054,1497572222,Polkadot
2022-02-11,20.622387,20.715441,18.676172,18.962442,18.962442,1383736959,Polkadot
2022-02-12,18.966,19.397598,18.385836,18.818741,18.818741,982928210,Polkadot
2022-02-13,18.817881,19.256063,18.453716,18.831486,18.831486,741039938,Polkadot
2022-02-14,18.809505,18.901653,18.076206,18.714754,18.714754,834381954,Polkadot
2022-02-15,18.71332,20.272732,18.670301,20.144676,20.144676,891617857,Polkadot
2022-02-16,20.149784,20.167482,19.116295,19.801155,19.801155,890277874,Polkadot
2022-02-17,19.789721,19.994631,17.890713,18.109921,18.109921,1081608217,Polkadot
2022-02-18,18.126673,18.562195,17.707533,17.845699,17.845699,918690491,Polkadot
2022-02-19,17.844217,18.208092,17.40523,17.89226,17.89226,590901300,Polkadot
2022-02-20,17.884331,17.884331,16.742777,16.93051,16.93051,883758628,Polkadot
2022-02-21,16.928036,17.696899,16.09757,16.192122,16.192122,1330919934,Polkadot
2022-02-22,16.190798,16.672777,15.837447,16.564276,16.564276,1116940496,Polkadot
2022-02-23,16.570091,17.395969,15.970354,16.009569,16.009569,1280516751,Polkadot
2022-02-24,15.998877,16.551756,14.13574,16.170918,16.170918,2249049472,Polkadot
2022-02-25,16.171318,17.41378,15.843975,17.250305,17.250305,1228501074,Polkadot
2022-02-26,17.249647,18.674515,17.221788,18.024559,18.024559,1418827902,Polkadot
2022-02-27,18.014654,18.661522,17.197315,17.473413,17.473413,1354421088,Polkadot
2022-02-28,17.483282,19.013205,16.750547,18.941088,18.941088,1791272324,Polkadot
2022-03-01,18.94235,19.535254,18.390608,18.880503,18.880503,1659644223,Polkadot
2022-03-02,18.880835,19.230429,18.411831,18.593468,18.593468,1205395336,Polkadot
2022-03-03,18.598177,18.63106,17.813257,18.019323,18.019323,1037430689,Polkadot
2022-03-04,18.023418,18.029242,16.548868,16.75708,16.75708,1047537594,Polkadot
2022-03-05,16.76602,17.73682,16.270109,17.312721,17.312721,757666761,Polkadot
2022-03-06,17.314793,17.547518,16.589474,16.978825,16.978825,737656667,Polkadot
2022-03-07,16.980211,17.116169,16.062243,16.431496,16.431496,944798572,Polkadot
2022-03-08,16.430084,17.232317,16.358534,16.953651,16.953651,874178607,Polkadot
2022-03-09,16.961296,18.049906,16.930101,17.866676,17.866676,857533887,Polkadot
2022-03-10,17.864969,17.892672,16.745113,16.979118,16.979118,750062051,Polkadot
2022-03-11,16.981028,18.414682,16.749559,17.734423,17.734423,1236681337,Polkadot
2022-03-12,17.73506,18.669994,17.731771,18.153923,18.153923,994605789,Polkadot
2022-03-13,18.147038,18.362165,17.197531,17.247932,17.247932,707977397,Polkadot
2022-03-14,17.246563,17.831064,17.084517,17.695951,17.695951,728004973,Polkadot
2022-03-15,17.693548,18.002615,17.083492,17.828997,17.828997,673341299,Polkadot
2022-03-16,17.82737,19.150919,17.762905,19.053368,19.053368,1201525130,Polkadot
2022-03-17,19.051691,19.267126,18.664957,18.751732,18.751732,804681001,Polkadot
2022-03-18,18.748987,19.180634,18.184626,18.991892,18.991892,751608989,Polkadot
2022-03-19,18.991165,19.767376,18.914698,19.359505,19.359505,833974878,Polkadot
2022-03-20,19.362869,19.442106,18.390905,18.638643,18.638643,688372541,Polkadot
2022-03-21,18.636242,19.048409,18.474392,18.795271,18.795271,726848268,Polkadot
2022-03-22,18.79034,20.431427,18.711327,20.252199,20.252199,1206899926,Polkadot
2022-03-23,20.247601,21.069103,19.883589,21.003956,21.003956,1321882560,Polkadot
2022-03-24,21.004986,21.430698,20.375206,21.245491,21.245491,1230204385,Polkadot
2022-03-25,21.246754,21.320301,20.26969,20.547285,20.547285,887840773,Polkadot
2022-03-26,20.549461,21.024237,20.298012,20.887957,20.887957,559036946,Polkadot
2022-03-27,20.89197,22.448711,20.770622,22.447863,22.447863,766114013,Polkadot
2022-03-28,22.45068,23.266171,21.900141,21.970449,21.970449,1265796274,Polkadot
2022-03-29,21.95549,22.910557,21.892668,22.486179,22.486179,1167942746,Polkadot
2022-03-30,22.482256,22.968292,21.772602,22.468348,22.468348,1114497681,Polkadot
2022-03-31,22.460417,22.999462,21.183681,21.302511,21.302511,1190050413,Polkadot
2022-04-01,21.309723,22.133127,20.722673,22.016987,22.016987,1125808777,Polkadot
2022-04-02,22.021664,23.767151,21.994867,22.644535,22.644535,1394919294,Polkadot
2022-04-03,22.614323,23.544905,22.581715,23.208246,23.208246,1135251124,Polkadot
2022-04-04,23.202627,23.204302,21.690126,22.65777,22.65777,1108582879,Polkadot
2022-04-05,22.695875,23.103945,21.781702,21.789715,21.789715,954861206,Polkadot
2022-04-06,21.786951,21.787008,19.782911,19.839634,19.839634,1143523884,Polkadot
2022-04-07,19.842571,20.624063,19.602262,20.426392,20.426392,819238353,Polkadot
2022-04-08,20.426464,20.562769,19.247072,19.400885,19.400885,776611556,Polkadot
2022-04-09,19.400578,19.807772,19.331331,19.787586,19.787586,501767579,Polkadot
2022-04-10,19.784966,20.202639,19.285307,19.285307,19.285307,599807810,Polkadot
2022-04-11,19.288813,19.288813,17.043089,17.188892,17.188892,998107923,Polkadot
2022-04-12,17.195461,18.001591,17.195461,17.785879,17.785879,773573439,Polkadot
2022-04-13,17.781279,18.26877,17.441982,18.1985,18.1985,657673530,Polkadot
2022-04-14,18.196878,18.471149,17.529968,17.930796,17.930796,631848192,Polkadot
2022-04-15,17.930698,18.380316,17.83194,18.350922,18.350922,507063069,Polkadot
2022-04-16,18.350451,18.682867,18.229382,18.630079,18.630079,424249982,Polkadot
2022-04-17,18.627596,18.799156,17.723122,17.780474,17.780474,473113233,Polkadot
2022-04-18,17.782038,18.308538,17.168648,18.169546,18.169546,712879608,Polkadot
2022-04-19,18.170162,18.931332,18.072601,18.896812,18.896812,565507514,Polkadot
2022-04-20,18.895794,19.493128,18.570221,19.088778,19.088778,830807797,Polkadot
2022-04-21,19.087486,19.625219,18.137659,18.185995,18.185995,772305840,Polkadot
2022-04-22,18.186062,18.519106,18.117331,18.299129,18.299129,629068408,Polkadot
2022-04-23,18.298918,19.232548,18.036877,18.732672,18.732672,625753368,Polkadot
2022-04-24,18.725462,19.138037,18.131571,18.158657,18.158657,576662878,Polkadot
2022-04-25,18.161623,18.224691,17.189327,18.11998,18.11998,799411358,Polkadot
2022-04-26,18.11668,18.295364,16.457964,16.6506,16.6506,787835544,Polkadot
2022-04-27,16.657173,17.253525,16.556425,16.948017,16.948017,616421238,Polkadot
2022-04-28,16.947386,17.361773,16.797817,16.996513,16.996513,609272520,Polkadot
2022-04-29,16.993166,17.050322,16.045004,16.16279,16.16279,573927609,Polkadot
2022-04-30,16.163803,16.405512,14.294137,14.519939,14.519939,689300174,Polkadot
2022-05-01,14.519188,15.505186,14.513369,15.381729,15.381729,707973556,Polkadot
2022-05-02,15.375803,15.567329,14.626653,14.978443,14.978443,684752563,Polkadot
2022-05-03,14.978364,15.205558,14.555679,14.727037,14.727037,492425638,Polkadot
2022-05-04,14.726156,16.308697,14.702761,16.305258,16.305258,747195893,Polkadot
2022-05-05,16.301308,16.418749,14.187897,14.581028,14.581028,953754626,Polkadot
2022-05-06,14.57942,14.639583,13.941613,14.313102,14.313102,868156078,Polkadot
2022-05-07,14.313728,14.352659,13.476185,13.775654,13.775654,593983001,Polkadot
2022-05-08,13.774422,13.825541,13.087564,13.254074,13.254074,758610863,Polkadot
2022-05-09,13.257022,13.464955,10.767036,10.767036,10.767036,1529550074,Polkadot
2022-05-10,10.768371,12.3338,10.449965,11.358492,11.358492,1771556667,Polkadot
2022-05-11,11.350789,11.611337,8.285613,8.956188,8.956188,2370958313,Polkadot
2022-05-12,8.966533,9.430751,7.323471,8.745313,8.745313,1718065655,Polkadot
2022-05-13,8.735124,11.725416,8.581082,10.4933,10.4933,1860790600,Polkadot
2022-05-14,10.493467,11.500017,9.8282,11.350681,11.350681,1414801522,Polkadot
2022-05-15,11.347429,11.817571,10.641636,11.795572,11.795572,972329755,Polkadot
2022-05-16,11.79424,11.79424,10.438909,10.624635,10.624635,900666870,Polkadot
2022-05-17,10.627954,11.294476,10.483643,11.034236,11.034236,763521915,Polkadot
2022-05-18,11.036878,11.144734,9.506676,9.506676,9.506676,877968843,Polkadot
2022-05-19,9.499154,10.322462,9.271721,10.041606,10.041606,853915374,Polkadot
2022-05-20,10.040569,10.224775,9.471944,9.684748,9.684748,640193446,Polkadot
2022-05-21,9.684635,10.049249,9.522652,9.992507,9.992507,423592840,Polkadot
2022-05-22,9.991726,10.30751,9.897075,10.186108,10.186108,478292426,Polkadot
2022-05-23,10.181099,10.703514,9.886961,9.886961,9.886961,865694286,Polkadot
2022-05-24,9.887098,10.24755,9.615049,10.18118,10.18118,662049564,Polkadot
2022-05-25,10.180363,10.312263,9.853635,9.866582,9.866582,575708120,Polkadot
2022-05-26,9.868945,9.984594,8.90641,9.181025,9.181025,871673940,Polkadot
2022-05-27,9.175747,9.912983,8.61133,9.131903,9.131903,1254089101,Polkadot
2022-05-28,9.278752,9.731382,9.018473,9.666282,9.666282,592729298,Polkadot
2022-05-29,9.664533,9.990902,9.3615,9.980677,9.980677,575259942,Polkadot
2022-05-30,9.97977,10.725054,9.930279,10.454896,10.454896,736851354,Polkadot
2022-05-31,10.454356,10.62246,10.017511,10.366197,10.366197,666603022,Polkadot
2022-06-01,10.365609,10.680345,9.343414,9.471385,9.471385,699424637,Polkadot
2022-06-02,9.468799,10.019992,9.338068,9.89768,9.89768,506177410,Polkadot
2022-06-03,9.898209,9.900988,9.24209,9.37693,9.37693,414732607,Polkadot
2022-06-04,9.378784,9.529033,9.172822,9.430593,9.430593,281076248,Polkadot
2022-06-05,9.431597,9.538891,9.281651,9.344997,9.344997,236104496,Polkadot
2022-06-06,9.347748,9.923118,9.340058,9.49277,9.49277,413763076,Polkadot
2022-06-07,9.494083,9.495785,8.914119,9.228157,9.228157,446295667,Polkadot
2022-06-08,9.226099,9.369206,8.942379,9.003772,9.003772,341420388,Polkadot
2022-06-09,9.004041,9.435679,8.929593,9.232093,9.232093,377664094,Polkadot
2022-06-10,9.232708,9.348003,8.629692,8.652823,8.652823,463759922,Polkadot
2022-06-11,8.653392,8.837246,7.95701,8.016177,8.016177,453457201,Polkadot
2022-06-12,8.016222,8.096111,7.450018,7.450018,7.450018,540721211,Polkadot
2022-06-13,7.441828,7.445022,6.427669,7.010198,7.010198,1019556301,Polkadot
2022-06-14,7.010199,7.522483,6.731794,7.365457,7.365457,825671035,Polkadot
2022-06-15,7.366781,8.614322,6.863948,8.510279,8.510279,1047848436,Polkadot
2022-06-16,8.510058,8.529558,7.006139,7.099977,7.099977,656027695,Polkadot
2022-06-17,7.104175,7.434044,7.062334,7.29432,7.29432,427132202,Polkadot
2022-06-18,7.292168,7.397517,6.493737,7.058119,7.058119,573388413,Polkadot
2022-06-19,7.055667,7.600655,6.792972,7.516708,7.516708,485916449,Polkadot
2022-06-20,7.518819,8.007814,7.20802,7.886881,7.886881,495307749,Polkadot
2022-06-21,7.884875,8.240199,7.710966,7.7422,7.7422,430086919,Polkadot
2022-06-22,7.747151,7.799501,7.378716,7.408511,7.408511,396873053,Polkadot
2022-06-23,7.410101,7.794789,7.394391,7.787092,7.787092,414053779,Polkadot
2022-06-24,7.786484,8.310842,7.741319,8.205908,8.205908,478986341,Polkadot
2022-06-25,8.202811,8.343669,7.815279,8.133731,8.133731,355679049,Polkadot
2022-06-26,8.131537,8.459616,7.833863,7.835564,7.835564,386725611,Polkadot
2022-06-27,7.835826,8.185614,7.743496,7.744108,7.744108,363436649,Polkadot
2022-06-28,7.74259,7.978525,7.280424,7.310052,7.310052,454633640,Polkadot
2022-06-29,7.310641,7.423087,6.977882,7.009116,7.009116,562068690,Polkadot
2022-06-30,7.014479,7.040419,6.662312,7.039863,7.039863,553377124,Polkadot
2022-07-01,7.054671,7.204933,6.58165,6.729926,6.729926,623803205,Polkadot
2022-07-02,6.734045,6.89319,6.648608,6.825885,6.825885,353342023,Polkadot
2022-07-03,6.825024,6.962991,6.652778,6.843847,6.843847,282225615,Polkadot
2022-07-04,6.844688,7.194104,6.683404,7.173794,7.173794,414648616,Polkadot
2022-07-05,7.168556,7.195448,6.655978,6.849418,6.849418,617560339,Polkadot
2022-07-06,6.850695,6.992521,6.727571,6.92998,6.92998,478051157,Polkadot
2022-07-07,6.930164,7.327588,6.899004,7.310357,7.310357,495849189,Polkadot
2022-07-08,7.30926,7.435817,6.968067,7.07125,7.07125,533020119,Polkadot
2022-07-09,7.069156,7.353564,7.060561,7.261516,7.261516,397589950,Polkadot
2022-07-10,7.261501,7.261501,6.785856,6.8587,6.8587,418579710,Polkadot
2022-07-11,6.85727,6.891271,6.527256,6.536404,6.536404,334860344,Polkadot
2022-07-12,6.536536,6.614122,6.295632,6.298569,6.298569,315259839,Polkadot
2022-07-13,6.298768,6.505992,6.094843,6.469764,6.469764,390364728,Polkadot
2022-07-14,6.46906,6.746066,6.306611,6.718586,6.718586,336822812,Polkadot
2022-07-15,6.718803,6.953966,6.664507,6.805499,6.805499,348479784,Polkadot
2022-07-16,6.804771,7.193379,6.576248,7.175997,7.175997,361139521,Polkadot
2022-07-17,7.178065,7.311771,6.922561,6.923593,6.923593,311165509,Polkadot
2022-07-18,6.92366,7.684227,6.92258,7.684227,7.684227,606829085,Polkadot
2022-07-19,7.677161,7.991243,7.531223,7.802578,7.802578,835371258,Polkadot
2022-07-20,7.802507,8.065683,7.408067,7.464481,7.464481,707185779,Polkadot
2022-07-21,7.464845,7.57504,7.20877,7.529248,7.529248,459368189,Polkadot
2022-07-22,7.529308,7.841454,7.280688,7.309357,7.309357,494456039,Polkadot
2022-07-23,7.305298,7.477979,7.114516,7.331505,7.331505,377301985,Polkadot
2022-07-24,7.331384,7.570954,7.325013,7.413887,7.413887,378461279,Polkadot
2022-07-25,7.41377,7.425046,6.766797,6.769232,6.769232,436907555,Polkadot
2022-07-26,6.770458,6.773893,6.547504,6.766585,6.766585,405400043,Polkadot
2022-07-27,6.76944,7.666439,6.662809,7.666439,7.666439,604025366,Polkadot
2022-07-28,7.662187,8.034841,7.509228,7.861245,7.861245,888303918,Polkadot
2022-07-29,7.858524,8.403999,7.787205,8.185587,8.185587,836897631,Polkadot
2022-07-30,8.188569,8.781996,8.181694,8.208562,8.208562,826438675,Polkadot
2022-07-31,8.209159,9.187918,8.114802,8.645671,8.645671,980832901,Polkadot
2022-08-01,8.645281,8.942521,8.077182,8.194032,8.194032,652869187,Polkadot
2022-08-02,8.194143,8.253496,7.704779,7.938991,7.938991,620430497,Polkadot
2022-08-03,7.938897,8.406178,7.716407,8.007531,8.007531,505613974,Polkadot
2022-08-04,8.006427,8.256384,7.907597,8.089339,8.089339,403709111,Polkadot
2022-08-05,8.086933,8.814356,8.079304,8.813465,8.813465,517996242,Polkadot
2022-08-06,8.812334,8.859241,8.509277,8.516014,8.516014,388196556,Polkadot
2022-08-07,8.517564,8.860275,8.386148,8.646408,8.646408,343345306,Polkadot
2022-08-08,8.647199,9.35725,8.647024,9.268289,9.268289,716347082,Polkadot
2022-08-09,9.269522,9.409798,8.700158,8.906954,8.906954,672012621,Polkadot
2022-08-10,8.90681,9.616665,8.573482,9.50207,9.50207,826401352,Polkadot
2022-08-11,9.503616,9.623738,9.152724,9.208973,9.208973,679395824,Polkadot
2022-08-12,9.208537,9.485035,9.072097,9.479537,9.479537,544819917,Polkadot
2022-08-13,9.478831,9.656563,9.268206,9.290427,9.290427,359798888,Polkadot
2022-08-14,9.292052,9.544253,8.867113,8.958502,8.958502,553281526,Polkadot
2022-08-15,8.959422,9.369622,8.653828,8.802429,8.802429,515446124,Polkadot
2022-08-16,8.796706,8.897389,8.658763,8.842569,8.842569,386335442,Polkadot
2022-08-17,8.842143,9.150633,8.348932,8.359841,8.359841,466651848,Polkadot
2022-08-18,8.363876,8.557719,8.093748,8.09457,8.09457,348830388,Polkadot
2022-08-19,8.092451,8.092451,7.269281,7.325466,7.325466,529309050,Polkadot
2022-08-20,7.323882,7.506273,7.067328,7.2331,7.2331,363061870,Polkadot
2022-08-21,7.231262,7.52102,7.185117,7.438866,7.438866,259531293,Polkadot
2022-08-22,7.437512,7.438793,7.022,7.401979,7.401979,321523178,Polkadot
2022-08-23,7.403389,7.696847,7.204674,7.638374,7.638374,357178869,Polkadot
2022-08-24,7.638256,7.731334,7.4414,7.572387,7.572387,301128081,Polkadot
2022-08-25,7.572806,7.743138,7.486596,7.587152,7.587152,260711829,Polkadot
2022-08-26,7.585891,7.651368,6.891871,6.923963,6.923963,409439777,Polkadot
2022-08-27,6.923879,7.086033,6.835766,7.048661,7.048661,309589522,Polkadot
2022-08-28,7.049158,7.143632,6.839034,6.843182,6.843182,232920698,Polkadot
2022-08-29,6.844579,7.293226,6.830665,7.282452,7.282452,311493145,Polkadot
2022-08-30,7.281805,7.364432,6.917016,7.003431,7.003431,292180056,Polkadot
2022-08-31,7.003114,7.270737,6.996687,7.026895,7.026895,271811037,Polkadot
2022-09-01,7.027041,7.192378,6.892535,7.186678,7.186678,293892711,Polkadot
2022-09-02,7.185597,7.55312,7.130747,7.302052,7.302052,384235184,Polkadot
2022-09-03,7.301692,7.303857,7.204555,7.285171,7.285171,228794553,Polkadot
2022-09-04,7.285097,7.376706,7.181835,7.370433,7.370433,251349147,Polkadot
2022-09-05,7.372007,7.613335,7.281772,7.364228,7.364228,348385498,Polkadot
2022-09-06,7.366551,7.678826,6.872007,6.879021,6.879021,452512755,Polkadot
2022-09-07,6.877566,7.283838,6.794155,7.198487,7.198487,352829091,Polkadot
2022-09-08,7.197872,7.440145,7.08238,7.390428,7.390428,371232846,Polkadot
2022-09-09,7.389878,7.917492,7.375017,7.770865,7.770865,495582524,Polkadot
2022-09-10,7.767572,7.85892,7.620791,7.785724,7.785724,312935484,Polkadot
2022-09-11,7.784695,7.85419,7.58806,7.698151,7.698151,275936800,Polkadot
2022-09-12,7.698387,8.033982,7.587331,7.661845,7.661845,479107652,Polkadot
2022-09-13,7.662024,7.918829,7.050818,7.134012,7.134012,478905956,Polkadot
2022-09-14,7.075026,7.283329,7.050818,7.203162,7.203162,318044357,Polkadot
2022-09-15,7.203431,7.219177,6.893924,6.92655,6.92655,372919866,Polkadot
2022-09-16,6.926949,6.96899,6.737572,6.896843,6.896843,303068671,Polkadot
2022-09-17,6.898563,7.15215,6.898563,7.063627,7.063627,211894290,Polkadot
2022-09-18,7.063504,7.063504,6.432054,6.445236,6.445236,319664458,Polkadot
2022-09-19,6.443225,6.552577,6.131124,6.396911,6.396911,408868281,Polkadot
2022-09-20,6.395543,6.407337,6.202975,6.280215,6.280215,275237081,Polkadot
2022-09-21,6.28035,6.550369,5.998857,6.155727,6.155727,412208152,Polkadot
2022-09-22,6.153721,6.507036,6.099419,6.447795,6.447795,268433529,Polkadot
2022-09-23,6.447835,6.620917,6.226801,6.438069,6.438069,353107767,Polkadot
2022-09-24,6.437251,6.497289,6.252452,6.278332,6.278332,209263165,Polkadot
2022-09-25,6.277955,6.355991,6.11694,6.201147,6.201147,194186485,Polkadot
2022-09-26,6.202959,6.559062,6.183636,6.550902,6.550902,390906165,Polkadot
2022-09-27,6.55094,6.785361,6.26726,6.384196,6.384196,342136251,Polkadot
2022-09-28,6.379978,6.457778,6.193653,6.393946,6.393946,276375830,Polkadot
2022-09-29,6.394322,6.470993,6.282769,6.432816,6.432816,287031349,Polkadot
2022-09-30,6.433284,6.553218,6.231716,6.31519,6.31519,325171014,Polkadot
2022-10-01,6.314995,6.331174,6.234588,6.272257,6.272257,177864861,Polkadot
2022-10-02,6.272368,6.324187,6.156942,6.1633,6.1633,200153796,Polkadot
2022-10-03,6.163053,6.394763,6.121275,6.379697,6.379697,230762899,Polkadot
2022-10-04,6.378765,6.525436,6.351039,6.494706,6.494706,201625888,Polkadot
2022-10-05,6.494809,6.502151,6.290144,6.43524,6.43524,192321491,Polkadot
2022-10-06,6.434801,6.514515,6.326624,6.33718,6.33718,203714376,Polkadot
2022-10-07,6.33765,6.384947,6.271276,6.331759,6.331759,175682476,Polkadot
2022-10-08,6.331827,6.386474,6.277173,6.307404,6.307404,125045671,Polkadot
2022-10-09,6.307794,6.488327,6.290578,6.475232,6.475232,158042992,Polkadot
2022-10-10,6.475751,6.53516,6.259509,6.261762,6.261762,195297282,Polkadot
2022-10-11,6.259844,6.260621,6.151258,6.179375,6.179375,177284451,Polkadot
2022-10-12,6.179519,6.23617,6.146939,6.176182,6.176182,141021054,Polkadot
2022-10-13,6.176369,6.177736,5.729097,6.116868,6.116868,341437050,Polkadot
2022-10-14,6.11649,6.257173,6.0205,6.044194,6.044194,196246835,Polkadot
2022-10-15,6.043889,6.093696,6.037718,6.052941,6.052941,122905460,Polkadot
2022-10-16,6.052617,6.238334,6.052293,6.18603,6.18603,148292090,Polkadot
2022-10-17,6.185455,6.273478,6.137007,6.253135,6.253135,174751363,Polkadot
2022-10-18,6.252985,6.288604,6.087181,6.158466,6.158466,194319444,Polkadot
2022-10-19,6.158911,6.249389,6.081791,6.106726,6.106726,202730656,Polkadot
2022-10-20,6.106975,6.145794,5.85058,5.885611,5.885611,217674629,Polkadot
2022-10-21,5.885498,5.892203,5.766144,5.834851,5.834851,304088078,Polkadot
2022-10-22,5.835469,5.86785,5.782294,5.848345,5.848345,205719115,Polkadot
2022-10-23,5.84778,5.968046,5.77671,5.960239,5.960239,201490510,Polkadot
2022-10-24,5.959108,5.984656,5.817638,5.915407,5.915407,221737506,Polkadot
2022-10-25,5.915226,6.600777,5.906417,6.447359,6.447359,390471972,Polkadot
2022-10-26,6.444806,6.58908,6.435194,6.46591,6.46591,302576415,Polkadot
2022-10-27,6.465975,6.630463,6.302476,6.336137,6.336137,311356226,Polkadot
2022-10-28,6.335812,6.57344,6.292912,6.521456,6.521456,271165868,Polkadot
2022-10-29,6.521212,6.746542,6.508455,6.63376,6.63376,327551430,Polkadot
2022-10-30,6.635,6.733122,6.532352,6.652473,6.652473,252319816,Polkadot
2022-10-31,6.650681,6.817481,6.589464,6.630904,6.630904,367436042,Polkadot
2022-11-01,6.630859,6.70528,6.469902,6.473107,6.473107,242123432,Polkadot
2022-11-02,6.472176,6.509971,6.185394,6.244959,6.244959,368792454,Polkadot
2022-11-03,6.246005,6.517474,6.237719,6.425296,6.425296,320230792,Polkadot
2022-11-04,6.424051,7.08775,6.397514,7.064493,7.064493,553955690,Polkadot
2022-11-05,7.063235,7.230443,6.969273,7.019451,7.019451,426243616,Polkadot
2022-11-06,7.021435,7.137769,6.81394,6.820865,6.820865,312794212,Polkadot
2022-11-07,6.820431,7.397125,6.675329,7.121714,7.121714,472779499,Polkadot
2022-11-08,7.120873,7.184003,5.949811,6.294656,6.294656,881542154,Polkadot
2022-11-09,6.297725,6.366439,5.368237,5.413379,5.413379,798754406,Polkadot
2022-11-10,5.414489,6.154579,5.358694,5.959507,5.959507,584532548,Polkadot
2022-11-11,5.959342,5.982339,5.536616,5.750708,5.750708,387393194,Polkadot
2022-11-12,5.750806,5.861351,5.575566,5.768753,5.768753,214653294,Polkadot
2022-11-13,5.769246,5.947144,5.659498,5.753248,5.753248,230970901,Polkadot
2022-11-14,5.752806,5.878748,5.479372,5.853861,5.853861,268170466,Polkadot
2022-11-15,5.854675,6.032223,5.814582,5.918389,5.918389,162915088,Polkadot
2022-11-16,5.918473,5.983872,5.639424,5.714191,5.714191,170493582,Polkadot
2022-11-17,5.714463,5.71531,5.591358,5.670609,5.670609,147312094,Polkadot
2022-11-18,5.671298,5.762965,5.616491,5.643681,5.643681,131006837,Polkadot
2022-11-19,5.642882,5.650407,5.539871,5.602038,5.602038,105805687,Polkadot
2022-11-20,5.60165,5.642075,5.271386,5.290356,5.290356,178416936,Polkadot
2022-11-21,5.29083,5.292012,5.097547,5.189894,5.189894,254127689,Polkadot
2022-11-22,5.188231,5.308519,5.010846,5.273523,5.273523,256700623,Polkadot
2022-11-23,5.27455,5.468868,5.258009,5.433398,5.433398,225665002,Polkadot
2022-11-24,5.434515,5.508927,5.348186,5.391868,5.391868,199686855,Polkadot
2022-11-25,5.389943,5.389943,5.262622,5.26909,5.26909,143726354,Polkadot
2022-11-26,5.269083,5.440658,5.254991,5.302001,5.302001,147759468,Polkadot
2022-11-27,5.301826,5.427753,5.289427,5.298929,5.298929,124381210,Polkadot
2022-11-28,5.29847,5.310142,5.077873,5.134754,5.134754,201131727,Polkadot
2022-11-29,5.134876,5.33759,5.110075,5.308931,5.308931,184202630,Polkadot
2022-11-30,5.308945,5.4901,5.308945,5.472572,5.472572,212215889,Polkadot
2022-12-01,5.472614,5.472614,5.337618,5.402164,5.402164,165178263,Polkadot
2022-12-02,5.402874,5.674444,5.387242,5.629523,5.629523,260737226,Polkadot
2022-12-03,5.628224,5.680755,5.495599,5.501038,5.501038,195742543,Polkadot
2022-12-04,5.500418,5.601614,5.499901,5.595657,5.595657,139696773,Polkadot
2022-12-05,5.594819,5.72546,5.461104,5.48879,5.48879,175652999,Polkadot
2022-12-06,5.488596,5.509051,5.439513,5.503152,5.503152,141564388,Polkadot
2022-12-07,5.502283,5.509863,5.253926,5.299137,5.299137,215316289,Polkadot
2022-12-08,5.299311,5.454001,5.27302,5.430401,5.430401,168772012,Polkadot
2022-12-09,5.43038,5.432757,5.274187,5.294414,5.294414,142580891,Polkadot
2022-12-10,5.295059,5.319312,5.268605,5.273628,5.273628,97062172,Polkadot
2022-12-11,5.273874,5.315066,5.157429,5.167614,5.167614,123645009,Polkadot
2022-12-12,5.167897,5.193302,5.05906,5.169509,5.169509,188383975,Polkadot
2022-12-13,5.16973,5.329871,5.014273,5.276955,5.276955,246802228,Polkadot
2022-12-14,5.27679,5.34869,5.189598,5.21521,5.21521,225853985,Polkadot
2022-12-15,5.21549,5.244437,5.132726,5.226642,5.226642,172309526,Polkadot
2022-12-16,5.226773,5.243822,4.615402,4.655857,4.655857,259854945,Polkadot
2022-12-17,4.655325,4.714117,4.597184,4.710335,4.710335,184368884,Polkadot
2022-12-18,4.710283,4.711057,4.632286,4.663687,4.663687,81366848,Polkadot
2022-12-19,4.663804,4.701517,4.437101,4.476759,4.476759,170487500,Polkadot
2022-12-20,4.477686,4.644103,4.470351,4.611708,4.611708,136221750,Polkadot
2022-12-21,4.611454,4.613985,4.45266,4.480147,4.480147,124008107,Polkadot
2022-12-22,4.480756,4.527611,4.381284,4.527611,4.527611,130622648,Polkadot
2022-12-23,4.527464,4.542692,4.465248,4.472083,4.472083,120863259,Polkadot
2022-12-24,4.472171,4.48757,4.438588,4.453765,4.453765,49798355,Polkadot
2022-12-25,4.453723,4.493044,4.406181,4.493044,4.493044,87988205,Polkadot
2022-12-26,4.493501,4.572927,4.470311,4.572048,4.572048,104281742,Polkadot
2022-12-27,4.57199,4.577007,4.472639,4.480313,4.480313,123898109,Polkadot
2022-12-28,4.48005,4.480745,4.258875,4.282459,4.282459,187917784,Polkadot
2022-12-29,4.282601,4.348923,4.239212,4.310528,4.310528,111444526,Polkadot
2022-12-30,4.310326,4.335296,4.246063,4.323476,4.323476,97767447,Polkadot
2022-12-31,4.323922,4.389813,4.309146,4.314823,4.314823,80874550,Polkadot
2023-01-01,4.313239,4.382291,4.284706,4.370816,4.370816,86051504,Polkadot
2023-01-02,4.370789,4.52218,4.329961,4.489374,4.489374,123129359,Polkadot
2023-01-03,4.48944,4.539869,4.477426,4.524364,4.524364,100206298,Polkadot
2023-01-04,4.524335,4.677799,4.52398,4.630191,4.630191,134185735,Polkadot
2023-01-05,4.629892,4.643755,4.55535,4.617662,4.617662,115007119,Polkadot
2023-01-06,4.617635,4.699047,4.56176,4.686106,4.686106,125537028,Polkadot
2023-01-07,4.686261,4.702011,4.644497,4.665955,4.665955,69639293,Polkadot
2023-01-08,4.665561,4.802947,4.614364,4.801005,4.801005,107178827,Polkadot
2023-01-09,4.803517,5.062742,4.803517,4.894874,4.894874,249231173,Polkadot
2023-01-10,4.894225,4.964311,4.846919,4.918806,4.918806,132716232,Polkadot
2023-01-11,4.918714,5.129979,4.838012,5.129979,5.129979,153231216,Polkadot
2023-01-12,5.163209,5.248588,5.035909,5.229478,5.229478,215518083,Polkadot
2023-01-13,5.230833,5.414657,5.177681,5.401746,5.401746,183856813,Polkadot
2023-01-14,5.401126,6.377742,5.400347,6.024649,6.024649,643130105,Polkadot
2023-01-15,6.026293,6.053421,5.796247,5.928098,5.928098,291009428,Polkadot
2023-01-16,5.928088,6.076206,5.657999,5.810773,5.810773,305874665,Polkadot
2023-01-17,5.811995,6.174071,5.740497,5.956206,5.956206,347150007,Polkadot
2023-01-18,5.956489,6.190424,5.626402,5.648101,5.648101,393198940,Polkadot
2023-01-19,5.647436,5.832261,5.647436,5.805565,5.805565,172654288,Polkadot
2023-01-20,5.805644,6.27213,5.764325,6.255243,6.255243,228801196,Polkadot
2023-01-21,6.256244,6.439439,6.115497,6.249409,6.249409,359248913,Polkadot
2023-01-22,6.248792,6.443391,6.119733,6.205266,6.205266,264552957,Polkadot
2023-01-23,6.206167,6.796454,6.20592,6.57702,6.57702,459481550,Polkadot
2023-01-24,6.574902,6.691413,6.146866,6.186764,6.186764,286483739,Polkadot
2023-01-25,6.18784,6.539225,6.043725,6.406066,6.406066,316181967,Polkadot
2023-01-26,6.403174,6.549321,6.328781,6.47482,6.47482,293122320,Polkadot
2023-01-27,6.474748,6.613658,6.325269,6.567625,6.567625,244747281,Polkadot
2023-01-28,6.570487,6.651824,6.345912,6.398319,6.398319,192797813,Polkadot
2023-01-29,6.398777,6.691884,6.354317,6.615759,6.615759,231833527,Polkadot
2023-01-30,6.616557,6.643761,6.101545,6.188152,6.188152,248936208,Polkadot
2023-01-31,6.187972,6.311033,6.164976,6.264369,6.264369,197930900,Polkadot
2023-02-01,6.263352,6.480932,6.05388,6.466095,6.466095,267498817,Polkadot
2023-02-02,6.464699,6.854851,6.463265,6.535533,6.535533,374914377,Polkadot
2023-02-03,6.535589,7.105684,6.533467,7.011684,7.011684,433742597,Polkadot
2023-02-04,7.010736,7.048868,6.840476,6.883106,6.883106,214142891,Polkadot
2023-02-05,6.882103,6.888059,6.534688,6.644724,6.644724,246197164,Polkadot
2023-02-06,6.644575,6.783068,6.464379,6.494799,6.494799,231103237,Polkadot
2023-02-07,6.494757,6.942543,6.490696,6.942028,6.942028,270506178,Polkadot
2023-02-08,6.941823,6.991979,6.653432,6.749274,6.749274,254069478,Polkadot
2023-02-09,6.75067,6.960459,6.149367,6.231307,6.231307,510763048,Polkadot
2023-02-10,6.231433,6.298765,6.154101,6.18969,6.18969,282715442,Polkadot
2023-02-11,6.190619,6.285761,6.167202,6.278796,6.278796,139375050,Polkadot
2023-02-12,6.277932,6.374244,6.121068,6.176514,6.176514,173063356,Polkadot
2023-02-13,6.176031,6.236272,5.91848,6.121275,6.121275,314089739,Polkadot
2023-02-14,6.121185,6.255843,6.047778,6.227574,6.227574,260324481,Polkadot
2023-02-15,6.22736,6.609523,6.169907,6.609523,6.609523,309095776,Polkadot
2023-02-16,6.609261,6.713314,6.332002,6.333875,6.333875,387445189,Polkadot
2023-02-17,6.333553,7.385729,6.307594,7.278363,7.278363,724204305,Polkadot
2023-02-18,7.278722,7.352471,7.134193,7.242686,7.242686,422027608,Polkadot
2023-02-19,7.242491,7.833305,7.199179,7.443704,7.443704,714852394,Polkadot
2023-02-20,7.447235,7.557076,7.301704,7.542163,7.542163,468495022,Polkadot
2023-02-21,7.543006,7.560232,7.143788,7.24881,7.24881,389455278,Polkadot
2023-02-22,7.248545,7.260941,6.901492,7.183219,7.183219,405083332,Polkadot
2023-02-23,7.182923,7.377747,7.02869,7.089575,7.089575,346788535,Polkadot
2023-02-24,7.088987,7.137348,6.505552,6.614422,6.614422,389778147,Polkadot
2023-02-25,6.614669,6.642154,6.374599,6.540582,6.540582,241439674,Polkadot
2023-02-26,6.540674,6.723769,6.510886,6.689604,6.689604,221715960,Polkadot
2023-02-27,6.689227,6.77544,6.512409,6.588034,6.588034,255791158,Polkadot
2023-02-28,6.588064,6.592543,6.301514,6.344936,6.344936,250815487,Polkadot
2023-03-01,6.345207,6.58434,6.332013,6.534181,6.534181,259834534,Polkadot
2023-03-02,6.534324,6.54132,6.247586,6.326915,6.326915,215734915,Polkadot
2023-03-03,6.327834,6.333823,5.869161,6.033932,6.033932,295249301,Polkadot
2023-03-04,6.034204,6.051474,5.776046,5.912604,5.912604,181811097,Polkadot
2023-03-05,5.912928,6.053988,5.90491,5.980068,5.980068,176519917,Polkadot
2023-03-06,5.979489,6.034179,5.889022,5.922527,5.922527,191295906,Polkadot
2023-03-07,5.923184,6.006413,5.762323,5.851392,5.851392,247925428,Polkadot
2023-03-08,5.849308,5.8979,5.537147,5.595502,5.595502,304238275,Polkadot
2023-03-09,5.595962,5.790973,5.297045,5.380726,5.380726,307651777,Polkadot
2023-03-10,5.381686,5.579728,5.177556,5.554636,5.554636,370467674,Polkadot
2023-03-11,5.554732,5.678919,5.292419,5.507718,5.507718,307651125,Polkadot
2023-03-12,5.507452,5.916477,5.435659,5.916477,5.916477,270040544,Polkadot
2023-03-13,5.917931,6.161019,5.731997,6.115266,6.115266,400047499,Polkadot
2023-03-14,6.114631,6.544589,6.036527,6.24384,6.24384,394264702,Polkadot
2023-03-15,6.245224,6.380438,5.815733,5.885962,5.885962,353927875,Polkadot
2023-03-16,5.888288,6.133537,5.822006,6.101113,6.101113,231972761,Polkadot
2023-03-17,6.101768,6.635837,6.05053,6.635837,6.635837,288838788,Polkadot
2023-03-18,6.635964,6.702243,6.314121,6.328587,6.328587,268812457,Polkadot
2023-03-19,6.328256,6.609979,6.328256,6.470155,6.470155,204987997,Polkadot
2023-03-20,6.468975,6.494158,6.086194,6.095547,6.095547,220342287,Polkadot
2023-03-21,6.097406,6.442334,6.039057,6.383083,6.383083,222247826,Polkadot
2023-03-22,6.381216,6.387456,5.964035,6.063481,6.063481,244809731,Polkadot
2023-03-23,6.062275,6.41687,6.016334,6.32547,6.32547,184308437,Polkadot
2023-03-24,6.325593,6.339621,5.969332,6.02803,6.02803,188002485,Polkadot
2023-03-25,6.028427,6.081402,5.856515,5.908658,5.908658,116202000,Polkadot
2023-03-26,5.909045,6.105055,5.89398,6.052051,6.052051,107617552,Polkadot
2023-03-27,6.05209,6.105624,5.772027,5.873617,5.873617,147793061,Polkadot
2023-03-28,5.873514,6.096055,5.806787,6.064447,6.064447,134330840,Polkadot
2023-03-29,6.063774,6.277051,6.059022,6.180756,6.180756,164714200,Polkadot
2023-03-30,6.181868,6.283161,6.037656,6.118804,6.118804,178190192,Polkadot
2023-03-31,6.11993,6.374143,6.10595,6.341024,6.341024,196127447,Polkadot
2023-04-01,6.341041,6.420224,6.220836,6.409517,6.409517,142620938,Polkadot
2023-04-02,6.350706,6.441537,6.205499,6.267229,6.267229,158288937,Polkadot
2023-04-03,6.267694,6.493886,6.123343,6.432228,6.432228,230216695,Polkadot
2023-04-04,6.430858,6.52728,6.375819,6.4417,6.4417,205914722,Polkadot
2023-04-05,6.441985,6.576218,6.336537,6.404034,6.404034,185043509,Polkadot
2023-04-06,6.404777,6.410453,6.2711,6.280776,6.280776,155818482,Polkadot
2023-04-07,6.280593,6.31822,6.146037,6.18478,6.18478,149605230,Polkadot
2023-04-08,6.183818,6.231033,6.117025,6.135957,6.135957,120313705,Polkadot
2023-04-09,6.136725,6.256309,6.112719,6.216215,6.216215,130492162,Polkadot
2023-04-10,null,null,null,null,null,null,Polkadot
2023-04-11,6.298085,6.468926,6.286155,6.416928,6.416928,215569280,Polkadot
